0100100;Catalisadores em colmeia cerâmica ou metálica para conversão catalítica de gases de escape de veículos e outros catalizadores
0100200;Tubos e seus acessórios (por exemplo, juntas, cotovelos, flanges, uniões), de plásticos
0100300;Protetores de caçamba
0100400;Reservatórios de óleo
0100500;Frisos, decalques, molduras e acabamentos
0100600;Correias de transmissão de borracha vulcanizada, de matérias têxteis, mesmo impregnadas, revestidas ou recobertas, de plástico, ou estratificadas com plástico ou reforçadas com metal ou com outras matérias
0100700;Juntas, gaxetas e outros elementos com função semelhante de vedação
0100800;Partes de veículos automóveis, tratores e máquinas autopropulsadas
0100900;Tapetes, revestimentos, mesmo confeccionados, batentes, buchas e coxins
0101000;Tecidos impregnados, revestidos, recobertos ou estratificados, com plástico
0101100;Mangueiras e tubos semelhantes, de matérias têxteis, mesmo com reforço ou acessórios de outras matérias
0101200;Encerados e toldos
0101300;Capacetes e artefatos de uso semelhante, de proteção, para uso em motocicletas, incluídos ciclomotores
0101400;Guarnições de fricção (por exemplo, placas, rolos, tiras, segmentos, discos, anéis, pastilhas), não montadas, para freios, embreagens ou qualquer outro mecanismo de fricção, à base de amianto, de outras substâncias minerais ou de celulose, mesmo combinadas com têxteis ou outras matérias
0101500;Vidros de dimensões e formatos que permitam aplicação automotiva
0101600;Espelhos retrovisores
0101700;Lentes de faróis, lanternas e outros utensílios
0101800;Cilindro de aço para GNV (gás natural veicular)
0101900;Recipientes para gases comprimidos ou liquefeitos, de ferro fundido, ferro ou aço, exceto o descrito no item 18.0
0102000;Molas e folhas de molas, de ferro ou aço
0102100;Obras moldadas, de ferro fundido, ferro ou aço, exceto as do código 7325.91.00
0102200;Peso de chumbo para balanceamento de roda
0102300;Peso para balanceamento de roda e outros utensílios de estanho
0102400;Fechaduras e partes de fechaduras
0102500;Chaves apresentadas isoladamente
0102600;Dobradiças, guarnições, ferragens e artigos semelhantes de metais comuns
0102700;Triângulo de segurança
0102800;Motores de pistão alternativo dos tipos utilizados para propulsão de veículos do Capítulo 87
0102900;Motores dos tipos utilizados para propulsão de veículos automotores
0103000;Partes reconhecíveis como exclusiva ou principalmente destinadas aos motores das posições 8407 ou 8408
0103100;Motores hidráulicos
0103200;Bombas para combustíveis, lubrificantes ou líquidos de arrefecimento, próprias para motores de ignição por centelha ou por compressão
0103300;Bombas de vácuo
0103400;Compressores e turbocompressores de ar
0103500;Partes das bombas, compressores e turbocompressores dos itens 32.0, 33.0 e 34.0
0103600;Máquinas e aparelhos de ar condicionado
0103700;Aparelhos para filtrar óleos minerais nos motores de ignição por centelha ou por compressão
0103800;Filtros a vácuo
0103900;Partes dos aparelhos para filtrar ou depurar líquidos ou gases
0104000;Extintores, mesmo carregados
0104100;Filtros de entrada de ar para motores de ignição por centelha ou por compressão
0104200;Depuradores por conversão catalítica de gases de escape
0104300;Macacos
0104400;Partes para macacos do item 43.0
0104500;Partes reconhecíveis como exclusiva ou principalmente destinadas às máquinas agrícolas ou rodoviárias
0104600;Válvulas redutoras de pressão
0104700;Válvulas para transmissão óleo-hidráulicas ou pneumáticas
0104800;Válvulas solenóides
0104900;Rolamentos
0105000;"Árvores de transmissão (incluídas as árvores de ""cames""e virabrequins) e manivelas; mancais e ""bronzes""; engrenagens e rodas de fricção; eixos de esferas ou de roletes; redutores, multiplicadores, caixas de transmissão e variadores de velocidade, incluídos os conversores de torque; volantes e polias, incluídas as polias para cadernais; embreagens e dispositivos de acoplamento, incluídas as juntas de articulação"
0105100;"Juntas metaloplásticas; jogos ou sortidos de juntas de composições diferentes, apresentados em bolsas, envelopes ou embalagens semelhantes; juntas de vedação mecânicas (selos mecânicos)"
0105200;Acoplamentos,  embreagens,  variadores  de  velocidade  e  freios, eletromagnéticos
0105300;Acumuladores elétricos de chumbo, do tipo utilizado para o arranque dos motores de pistão
0105400;"Aparelhos e dispositivos elétricos de ignição ou de arranque para motores de ignição por centelha ou por compressão (por exemplo, magnetos, dínamos-magnetos, bobinas de ignição, velas de ignição ou de aquecimento, motores de arranque); geradores (dínamos e alternadores, por exemplo) e conjuntores-disjuntores utilizados com estes motores"
0105500;Aparelhos elétricos de iluminação ou de sinalização (exceto os da posição 8539), limpadores de para-brisas, degeladores e desembaçadores (desembaciadores) elétricos
0105600;Telefones móveis
0105700;Alto-falantes, amplificadores elétricos de audiofrequência e partes
0105800;Aparelhos elétricos de amplificação de som para veículos automotores
0105900;Aparelhos de reprodução de som
0106000;Aparelhos transmissores (emissores) de radiotelefonia ou radiotelegrafia (rádio receptor/transmissor)
0106100;Aparelhos receptores de radiodifusão que só funcionam com fonte externa de energia, exceto os classificados na posição 8527.21.90
0106200;"Outros aparelhos receptores de radiodifusão que funcionem com fonte externa de energia; outros aparelhos videofônicos de gravação ou de reprodução, mesmo incorporando um receptor de sinais videofônicos, dos tipos utilizados exclusivamente em veículos automotores"
0106300;Antenas
0106400;Circuitos impressos
0106500;Interruptores e seccionadores e comutadores
0106600;Fusíveis e corta-circuitos de fusíveis
0106700;Disjuntores
0106800;Relés
0106900;Partes reconhecíveis como exclusivas ou principalmente destinados aos aparelhos dos itens 65.0, 66.0, 67.0 e 68.0
0107000;Interruptores, seccionadores e comutadores
0107100;Faróis e projetores, em unidades seladas
0107200;Lâmpadas e tubos de incandescência, exceto de raios ultravioleta ou infravermelhos
0107300;Cabos coaxiais e outros condutores elétricos coaxiais
0107400;Jogos de fios para velas de ignição e outros jogos de fios
0107500;Carroçarias para os veículos automóveis das posições 8701 a 8705, incluídas as cabinas
0107600;Partes e acessórios dos veículos automóveis das posições 8701 a 8705
0107700;Parte e acessórios de motocicletas (incluídos os ciclomotores)
0107800;Engates para reboques e semi-reboques
0107900;"Medidores de nível; Medidores de vazão"
0108000;Aparelhos para medida ou controle da pressão
0108100;Contadores, indicadores de velocidade e tacômetros, suas partes e acessórios
0108200;Amperímetros
0108300;Aparelhos digitais, de uso em veículos automóveis, para medida e indicação de múltiplas grandezas tais como: velocidade média, consumos instantâneo e médio e autonomia (computador de bordo)
0108400;Controladores eletrônicos
0108500;Relógios para painéis de instrumentos e relógios semelhantes
0108600;Assentos e partes de assentos
0108700;Acendedores
0108800;Tubos de borracha vulcanizada não endurecida, mesmo providos de seus acessórios
0108900;Juntas de vedação de cortiça natural e de amianto
0109000;Papel-diagrama para tacógrafo, em disco
0109100;"Fitas, tiras, adesivos, auto-colantes, de plástico, refletores, mesmo em rolos; placas metálicas com película de plástico refletora, próprias para colocação em carrocerias, para-choques de veículos de carga, motocicletas, ciclomotores, capacetes, bonés de agentes de trânsito e de condutores de veículos, atuando como dispositivos refletivos de segurança rodoviários"
0109200;Cilindros pneumáticos
0109300;Bomba elétrica de lavador de para-brisa
0109400;Bomba de assistência de direção hidráulica
0109500;Motoventiladores
0109600;Filtros de pólen do ar-condicionado
0109700;"""Máquina"" de vidro elétrico de porta"
0109800;Motor de limpador de para-brisa
0109900;Bobinas de reatância e de auto-indução
0110000;Baterias de chumbo e de níquel-cádmio
0110100;Aparelhos de sinalização acústica (buzina)
0110200;Instrumentos para regulação de grandezas não elétricas
0110300;Analisadores de gases ou de fumaça (sonda lambda)
0110400;Perfilados de borracha vulcanizada não endurecida
0110500;Artefatos de pasta de fibra de uso automotivo
0110600;Tapetes/carpetes - nailón
0110700;Tapetes de matérias têxteis sintéticas
0110800;Forração interior capacete
0110900;Outros para-brisas
0111000;Moldura com espelho
0111100;Corrente de transmissão
0111200;Corrente transmissão
0111300;Outras correntes de transmissão
0111400;Condensador tubular metálico
0111500;Trocadores de calor
0111600;Partes de aparelhos mecânicos de pulverizar ou dispersar
0111700;Macacos manuais para veículos
0111800;Caçambas, pás, ganchos e tenazes para máquinas rodoviárias
0111900;Geradores de corrente alternada de potência não superior a 75 kva
0112000;Aparelhos elétricos para alarme de uso automotivo
0112100;Bússolas
0112200;Indicadores de temperatura
0112300;Partes de indicadores de temperatura
0112400;Partes de aparelhos de medida ou controle
0112500;Termostatos
0112600;Instrumentos e aparelhos para regulação
0112700;Pressostatos
0112800;Peças para reboques e semi-reboques
0112900;Outras peças, partes e acessórios para veículos automotores não relacionados nos demais itens deste anexo
0200100;Aperitivos, amargos, bitter e similares
0200200;Batida e similares
0200300;Bebida ice
0200400;Cachaça e aguardentes
0200500;Catuaba e similares
0200600;Conhaque, brandy e similares
0200700;Cooler
0200800;Gim (gin) e genebra
0200900;Jurubeba e similares
0201000;Licores e similares
0201100;Pisco
0201200;Rum
0201300;Saque
0201400;Steinhaeger
0201500;Tequila
0201600;Uísque
0201700;Vermute e similares
0201800;Vodka
0201900;Derivados de vodka
0202000;Arak
0202100;Aguardente vínica / grappa
0202200;Sidra e similares
0202300;Sangrias e coquetéis
0202400;Vinhos e similares
0202500;Outras bebidas alcoólicas não especificadas nos itens anteriores
0300100;Água mineral, gasosa ou não, ou potável, naturais, em garrafa de vidro, retornável ou não, com capacidade de até 500 ml
0300200;Água mineral, gasosa ou não, ou potável, naturais, em embalagem com capacidade igual ou superior a 5.000 ml
0300300;Água mineral, gasosa ou não, ou potável, naturais, em embalagem de vidro, não retornável, com capacidade de até 300 ml
0300400;Água mineral, gasosa ou não, ou potável, naturais, em garrafa plástica de 1.500 ml
0300500;Água mineral, gasosa ou não, ou potável, naturais, em copos plásticos e embalagem plástica com capacidade de até 500 ml
0300600;Outras águas minerais, gasosa ou não, ou potável, naturais, inclusive gaseificada ou aromatizada artificialmente
0300700;Refrigerante em garrafa com capacidade igual ou superior a 600 ml
0300800;Demais refrigerantes
0300900;"Xarope ou extrato concentrado destinados ao preparo de refrigerante em máquina ""pré-mix""ou ""post-mix"""
0301000;Bebidas energéticas
0301100;Bebidas hidroeletrolíticas (isotônicas)
0301200;Cerveja
0301300;Cerveja sem álcool
0301400;Chope
0400100;Charutos, cigarrilhas e cigarros, de tabaco ou dos seus sucedâneos
0400200;Tabaco para fumar, mesmo contendo sucedâneos de tabaco em qualquer proporção
0500100;Cimento
0600100;Álcool etílico não desnaturado, com um teor alcoólico em volume igual ou superior a 80% vol (álcool etílico anidro combustível e álcool etílico hidratado combustível)
0600200;Gasolinas
0600300;Querosenes
0600400;Óleos combustíveis
0600500;Óleos lubrificantes
0600600;Outros óleos de petróleo ou de minerais betuminosos (exceto óleos brutos) e preparações não especificadas nem compreendidas noutras posições, que contenham, como constituintes básicos, 70% ou mais, em peso, de óleos de petróleo ou de inerais betuminosos, exceto os que contenham biodiesel e exceto os resíduos de óleos
0600700;Resíduos de óleos
0600800;Gás de petróleo e outros hidrocarbonetos gasosos
0600900;Coque de petróleo e outros resíduos de óleo de petróleo ou de minerais betuminosos
0601000;Biodiesel e suas misturas, que não contenham ou que contenham menos de 70%, em peso, de óleos de petróleo ou de óleos minerais betuminosos
0601100;Preparações lubrificantes, exceto as contendo, como constituintes de base, 70% ou mais, em peso, de óleos de petróleo ou de minerais betuminosos
0601200;Óleos de petróleo ou de minerais betuminosos (exceto óleos brutos) e preparações não especificadas nem compreendidas noutras posições, que contenham, como constituintes básicos, 70% ou mais, em peso, de óleos de petróleo ou de minerais betuminosos, que contenham biodiesel, exceto os resíduos de óleos
0700100;Energia elétrica
0800100;Ferramentas de borracha vulcanizada não endurecida
0800200;Ferramentas, armações e cabos de ferramentas, de madeira
0800300;"Mós e artefatos semelhantes, sem armação, para moer, desfibrar, triturar, amolar, polir, retificar ou cortar; pedras para amolar ou para polir, manualmente, e suas partes, de pedras naturais, de abrasivos naturais ou artificiais aglomerados ou de cerâmica, mesmo com partes de outras matérias"
0800400;"Pás, alviões, picaretas, enxadas, sachos, forcados e forquilhas, ancinhos e raspadeiras; machados, podões e ferramentas semelhantes com gume; tesouras de podarde todos os tipos; foices e foicinhas, facas para feno ou para palha, tesouras para sebes, cunhas e outras ferramentas manuais para agricultura, horticultura ou silvicultura"
0800500;Folhas de serras de fita
0800600;Lâminas de serras máquinas
0800700;Serras manuais e outras folhas de serras (incluídas as fresas-serras e as folhas não dentadas para serrar), exceto as classificadas nas posições 8202.20.00 e 8202.91.00
0800800;Limas, grosas, alicates (mesmo cortantes), tenazes, pinças, cisalhas para metais, corta-tubos, corta-pinos, saca-bocados e ferramentas semelhantes, manuais, exceto as pinças para sobrancelhas classificadas na posição 8203.20.90
0800900;"Chaves de porcas, manuais (incluídas as chaves dinamométricas); chaves de caixa intercambiáveis, mesmo com cabos"
0801000;"Ferramentas manuais (incluídos os diamantes de vidraceiro) não especificadas nem compreendidas em outras posições, lamparinas ou lâmpadas de soldar (maçaricos) e semelhantes; tornos de apertar, sargentos e semelhantes, exceto os acessórios ou partes de máquinas- ferramentas; bigornas; forjas-portáteis; mós com armação, manuais ou de pedal"
0801100;Ferramentas  de  pelo  menos  duas  das  posições  8202  a  8205, acondicionadas em sortidos para venda a retalho
0801200;"Ferramentas de roscar interior ou exteriormente; de mandrilar ou de brochar; e de fresar"
0801300;Outras ferramentas intercambiáveis para ferramentas manuais, mesmo mecânicas, ou para máquinas-ferramentas (por exemplo, de embutir, estampar, puncionar, furar, tornear, aparafusar), incluídas as fieiras de estiragem ou de extrusão, para metais, e as ferramentas de perfuração ou de sondagem, exceto forma ou gabarito de produtos em epoxy, exceto as classificadas nas posições 8207.40, 8207.60 e 8207.70
0801400;Facas e lâminas cortantes, para máquinas ou para aparelhos mecânicos
0801500;Plaquetas ou pastilhas intercambiáveis
0801600;"Outras plaquetas, varetas, pontas e objetos semelhantes para ferramentas, não montados, de ceramais (""cermets""), exceto as classificadas na posição 8209.00.11"
0801700;Facas (exceto as da posição 8208) de lâmina cortante ou serrilhada, incluídas as podadeiras de lâmina móvel, e suas lâminas, exceto as de uso doméstico
0801800;Tesouras e suas lâminas
0801900;Ferramentas pneumáticas, hidráulicas ou com motor (elétrico ou não elétrico) incorporado, de uso manual
0802000;"Instrumentos e aparelhos de geodésia, topografia, agrimensura, nivelamento, fotogrametria, hidrografia, oceanografia, hidrologia, meteorologia ou de geofísica, exceto bussolas; telêmetros"
0802100;"Instrumentos  de  desenho,  de  traçado  ou  de  cálculo;  metros, micrômetros, paquímetros, calibres e semelhantes; partes e acessórios"
0802200;Termômetros, suas partes e acessórios
0802300;Pirômetros, suas partes e acessórios
0900100;Lâmpadas elétricas
0900200;Lâmpadas eletrônicas
0900300;Reatores para lâmpadas ou tubos de descargas
0900400;“Starter”
0900500;Lâmpadas de LED (Diodos Emissores de Luz)
1000100;Cal
1000200;Argamassas
1000300;Outras argamassas
1000400;Silicones em formas primárias, para uso na construção
1000500;"Revestimentos de PVC e outros plásticos; forro, sancas e afins de PVC, para uso na construção"
1000600;Tubos, e seus acessórios (por exemplo, juntas, cotovelos, flanges, uniões), de plásticos, para uso na construção
1000700;Revestimento de pavimento de PVC e outros plásticos
1000800;Chapas, folhas, tiras, fitas, películas e outras formas planas, auto- adesivas, de plásticos, mesmo em rolos, para uso na construção
1000900;Veda rosca, lona plástica para uso na construção, fitas isolantes e afins
1001000;Telha de plástico, mesmo reforçada com fibra de vidro
1001100;Cumeeira de plástico, mesmo reforçada com fibra de vidro
1001200;Chapas, laminados plásticos em bobina, para uso na construção, exceto os descritos nos itens 10.0 e 11.0
1001300;Banheiras, boxes para chuveiros, pias, lavatórios, bidês, sanitários e seus assentos e tampas, caixas de descarga e artigos semelhantes para usos sanitários ou higiênicos, de plásticos
1001400;Artefatos de higiene/toucador de plástico, para uso na construção
1001500;"Caixa d’água, inclusive sua tampa, de plástico, mesmo reforçadas com fibra de vidro"
1001600;"Outras telhas, cumeeira e caixa d’água, inclusive sua tampa, de plástico, mesmo reforçadas com fibra de vidro"
1001700;Artefatos para apetrechamento de construções, de plásticos, não especificados nem compreendidos em outras posições, incluindo persianas, sancas, molduras, apliques e rosetas, caixilhos de polietileno e outros plásticos, exceto os descritos nos itens 15.0 e 16.0
1001800;Portas, janelas e seus caixilhos, alizares e soleiras
1001900;Postigos, estores (incluídas as venezianas) e artefatos semelhantes e suas partes
1002000;Outras obras de plástico, para uso na construção
1002100;"Papel de parede e revestimentos de parede semelhantes; papel para vitrais"
1002200;Telhas de concreto
1002300;"Telha, cumeeira e caixa d’água, inclusive sua tampa, de fibrocimento, cimento-celulose"
1002400;Caixas d'água, tanques e reservatórios e suas tampas, telhas, calhas, cumeeiras e afins, de fibrocimento, cimento-celulose ou semelhantes, contendo ou não amianto, exceto os descritos no item 23.0
1002500;"Tijolos, placas (lajes), ladrilhos e outras peças cerâmicas de farinhas siliciosas fósseis (""kieselghur"", tripolita, diatomita, por exemplo) ou de terras siliciosas semelhantes"
1002600;Tijolos, placas (lajes), ladrilhos e peças cerâmicas semelhantes, para uso na construção, refratários, que não sejam de farinhas siliciosas fósseis nem de terras siliciosas semelhantes
1002700;Tijolos para construção, tijoleiras, tapa-vigas e produtos semelhantes, de cerâmica
1002800;Telhas, elementos de chaminés, condutores de fumaça, ornamentos arquitetônicos, de cerâmica, e outros produtos cerâmicos para uso na construção
1002900;Tubos, calhas ou algerozes e acessórios para canalizações, de cerâmica
1003000;Ladrilhos e placas de cerâmica, exclusivamente para pavimentação ou revestimento
1003001;Cubos, pastilhas e artigos semelhantes de cerâmica, mesmo com suporte.
1003100;Pias, lavatórios, colunas para lavatórios, banheiras, bidês, sanitários, caixas de descarga, mictórios e aparelhos fixos semelhantes para usos sanitários, de cerâmica
1003200;Artefatos de higiene/toucador de cerâmica
1003300;Vidro vazado ou laminado, em chapas, folhas ou perfis, mesmo com camada absorvente, refletora ou não, mas sem qualquer outro trabalho
1003400;Vidro estirado ou soprado, em folhas, mesmo com camada absorvente, refletora ou não, mas sem qualquer outro trabalho
1003500;Vidro flotado e vidro desbastado ou polido em uma ou em ambas as faces, em chapas ou em folhas, mesmo com camada absorvente, refletora ou não, mas sem qualquer outro trabalho
1003600;Vidros temperados
1003700;Vidros laminados
1003800;Vidros isolantes de paredes múltiplas
1003900;"Blocos, placas, tijolos, ladrilhos, telhas e outros artefatos, de vidro prensado ou moldado, mesmo armado, para uso na construção; cubos, pastilhas e outros artigos semelhantes"
1004000;Barras próprias para construções, exceto vergalhões
1004100;Outras barras próprias para construções, exceto vergalhões
1004200;Vergalhões
1004300;Outros vergalhões
1004400;"Fios de ferro ou aço não ligados, não revestidos, mesmo polidos; cordas, cabos, tranças (entrançados), lingas e artefatos semelhantes, de ferro ou aço, não isolados para usos elétricos"
1004500;Outros fios de ferro ou aço, não ligados, galvanizados
1004600;Acessórios para tubos (inclusive uniões, cotovelos, luvas ou mangas), de ferro fundido, ferro ou aço
1004700;Portas e janelas, e seus caixilhos, alizares e soleiras de ferro fundido, ferro ou aço
1004800;Material para andaimes, para armações (cofragens) e para escoramentos, (inclusive armações prontas, para estruturas de concreto armado ou argamassa armada), eletrocalhas e perfilados de ferro fundido, ferro ou aço, próprios para construção, exceto treliças de aço
1004900;Treliças de aço
1005000;Telhas metálicas
1005100;"Caixas diversas (tais como caixa de correio, de entrada de água, de energia, de instalação) de ferro, ferro fundido ou aço; próprias para a construção"
1005200;Arame farpado, de ferro ou aço arames ou tiras, retorcidos, mesmo farpados, de ferro ou aço, dos tipos utilizados em cercas
1005300;Telas metálicas, grades e redes, de fios de ferro ou aço
1005400;Correntes de rolos, de ferro fundido, ferro ou aço
1005500;Outras correntes de elos articulados, de ferro fundido, ferro ou aço
1005600;Correntes de elos soldados, de ferro fundido, de ferro ou aço
1005700;Tachas, pregos, percevejos, escápulas, grampos ondulados ou biselados e artefatos semelhantes, de ferro fundido, ferro ou aço, mesmo com a cabeça de outra matéria, exceto cobre
1005800;Parafusos, pinos ou pernos, roscados, porcas, tira-fundos, ganchos roscados, rebites, chavetas, cavilhas, contrapinos, arruelas (incluídas as de pressão) e artefatos semelhantes, de ferro fundido, ferro ou aço
1005900;"Palha de ferro ou aço; esponjas, esfregões, luvas e artefatos semelhantes para limpeza, polimento e usos semelhantes, de ferro ou aço, exceto os classificados na posição 7323.10.00 de uso doméstico"
1006000;Artefatos de higiene ou de toucador, e suas partes, de ferro fundido, ferro ou aço, incluídas as pias, banheiras, lavatórios, cubas, mictórios, tanques e afins de ferro fundido, ferro ou aço, para uso na construção
1006100;Outras obras moldadas, de ferro fundido, ferro ou aço, para uso na construção
1006200;Abraçadeiras
1006300;Barras de cobre
1006400;Tubos de cobre e suas ligas, para instalações de água quente e gás, para uso na construção
1006500;Acessórios para tubos (por exemplo, uniões, cotovelos, luvas ou mangas) de cobre e suas ligas, para uso na construção
1006600;Tachas, pregos, percevejos, escápulas e artefatos semelhantes, de cobre, ou de ferro ou aço com cabeça de cobre, parafusos, pinos ou pernos, roscados, porcas, ganchos roscados, rebites, chavetas, cavilhas, contrapinos, arruelas (incluídas as de pressão), e artefatos semelhantes, de cobre
1006700;Artefatos de higiene/toucador de cobre, para uso na construção
1006800;Manta de subcobertura aluminizada
1006900;Tubos de alumínio e suas ligas, para refrigeração e ar condicionado, para uso na construção
1007000;Acessórios para tubos (por exemplo, uniões, cotovelos, luvas ou mangas), de alumínio, para uso na construção
1007100;"Construções e suas partes (por exemplo, pontes e elementos de pontes, torres, pórticos ou pilones, pilares, colunas, armações, estruturas para telhados, portas e janelas, e seus caixilhos, alizares e soleiras, balaustradas), de alumínio, exceto as construções pré-fabricadas da posição 9406; chapas, barras, perfis, tubos e semelhantes, de alumínio, próprios para construções"
1007200;Artefatos de higiene/toucador de alumínio, para uso na construção
1007300;Outras obras de alumínio, próprias para construções, incluídas as persianas
1007400;Outras guarnições, ferragens e artigos semelhantes de metais comuns, para construções, inclusive puxadores.
1007500;Fechaduras e ferrolhos (de chave, de segredo ou elétricos), de metais comuns, incluídas as suas partes fechos e armações com fecho, com fechadura, de metais comuns chaves para estes artigos, de metais comuns, exceto os de uso automotivo
1007600;Dobradiças de metais comuns, de qualquer tipo
1007700;Tubos flexíveis de metais comuns, mesmo com acessórios, para uso na construção
1007800;Fios, varetas, tubos, chapas, eletrodos e artefatos semelhantes, de metais comuns ou de carbonetos metálicos, revestidos exterior ou interiormente de decapantes ou de fundentes, para soldagem (soldadura) ou depósito de metal ou de carbonetos metálicos fios e varetas de pós de metais comuns aglomerados, para metalização por projeção
1007900;Torneiras, válvulas (incluídas as redutoras de pressão e as termostáticas) e dispositivos semelhantes, para canalizações, caldeiras, reservatórios, cubas e outros recipientes
1100100;Água sanitária, branqueador e outros alvejantes
1100200;Sabões em pó, flocos, palhetas, grânulos ou outras formas semelhantes, para lavar roupas
1100300;Sabões líquidos para lavar roupas
1100400;Detergentes em pó, flocos, palhetas, grânulos ou outras formas semelhantes
1100500;Detergentes líquidos, exceto para lavar roupa
1100600;Detergente líquido para lavar roupa
1100700;"Outros agentes orgânicos de superfície (exceto sabões); preparações tensoativas, preparações para lavagem (incluídas as preparações auxiliares para lavagem) e preparações para limpeza (inclusive multiuso e limpadores), mesmo contendo sabão, exceto as da posição 3401 e os produtos descritos nos itens 3 a 5; em embalagem de conteúdo inferior ou igual a 50 litros ou 50 kg"
1100800;Amaciante/suavizante
1100900;Esponjas para limpeza
1101000;Álcool etílico para limpeza
1101100;"Palhas de ferro ou aço; esponjas, esfregões, luvas e artefatos semelhantes para limpeza, polimento ou uso semelhantes; todos de uso doméstico"
1200100;"Transformadores, bobinas de reatância e de auto indução, inclusive os transformadores de potência superior a 16 KVA, classificados nas posições 8504.33.00 e 8504.34.00; exceto os demais transformadores da subposição 8504.3, os reatores para lâmpadas elétricas de descarga classificados no código 8504.10.00, os carregadores de acumuladores do código 8504.40.10, os equipamentos de alimentação ininterrupta de energia (UPS ou “no break”), no código 8504.40.40 e os de uso automotivo"
1200200;"Aquecedores elétricos de água, incluídos os de imersão, chuveiros ou duchas elétricos, torneiras elétricas, resistências de aquecimento, inclusive as de duchas e chuveiros elétricos e suas partes; exceto outros fornos, fogareiros (incluídas as chapas de cocção), grelhas e assadeiras, classificados na posição 8516.60.00"
1200300;Aparelhos para interrupção, seccionamento, proteção, derivação, ligação ou conexão de circuitos elétricos (por exemplo, interruptores, comutadores, corta-circuitos, para-raios, limitadores de tensão, eliminadores de onda, tomadas de corrente e outros conectores, caixas de junção), para tensão superior a 1.000V, exceto os de uso automotivo
1200400;"Aparelhos para interrupção, seccionamento, proteção, derivação, ligação ou conexão de circuitos elétricos (por exemplo, interruptores, comutadores, relés, corta-circuitos, eliminadores de onda, plugues e tomadas de corrente, suportes para lâmpadas e outros conectores, caixas de junção), para uma tensão não superior a 1.000V; conectores para fibras ópticas, feixes ou cabos de fibras ópticas; exceto ""starter"" classificado na subposição 8536.50 e os de uso automotivo"
1200500;Partes reconhecíveis como exclusiva ou principalmente destinadas aos aparelhos das posições 8535 e 8536
1200600;Cabos, tranças e semelhantes, de cobre, não isolados para usos elétricos, exceto os de uso automotivo
1200700;"Fios, cabos (incluídos os cabos coaxiais) e outros condutores, isolados ou não, para usos elétricos (incluídos os de cobre ou alumínio, envernizados ou oxidados anodicamente), mesmo com peças de conexão, inclusive fios e cabos elétricos, para tensão não superior a 1000V, para uso na construção; fios e cabos telefônicos e para transmissão de dados; cabos de fibras ópticas, constituídos de fibras embainhadas individualmente, mesmo com condutores elétricos ou munidos de peças de conexão; cordas, cabos, tranças e semelhantes, de alumínio, não isolados para uso elétricos; exceto os de uso automotivo"
1200800;Isoladores de qualquer matéria, para usos elétricos
1200900;"Peças isolantes inteiramente de matérias isolantes, ou com simples peças metálicas de montagem (suportes roscados, por exemplo) incorporadas na massa, para máquinas, aparelhos e instalações elétricas; tubos isoladores e suas peças de ligação, de metais comuns, isolados interiormente"
1300100;Medicamentos de referência – positiva
1300101;Medicamentos de referência – negativa
1300102;Medicamentos de referência – neutra
1300200;Medicamentos genérico – positiva
1300201;Medicamentos genérico – negativa
1300202;Medicamentos genérico – neutra
1300300;Medicamentos similar – positiva
1300301;Medicamentos similar – negativa
1300302;Medicamentos similar – neutra
1300400;Outros tipos de medicamentos – positiva
1300401;Outros tipos de medicamentos - negativa
1300402;Outros tipos de medicamentos – neutra
1300500;Preparações químicas contraceptivas à base de hormônios, de outros produtos da posição 29.37 ou de espermicidas
1300600;Provitaminas e vitaminas, naturais ou reproduzidas por síntese (incluídos os concentrados naturais), bem como os seus derivados utilizados principalmente como vitaminas, misturados ou não entre si, mesmo em quaisquer soluções
1300700;Preparações opacificantes (contrastantes) para exames radiográficos e reagentes de diagnóstico concebidos para serem administrados ao paciente
1300800;"Antissoro, outras frações do sangue, produtos imunológicos modificados, mesmo obtidos por via biotecnológica; vacinas para medicina humana; e produtos semelhantes"
1300900;Algodão, atadura, esparadrapo, haste flexível ou não, com uma ou ambas extremidades de algodão, gazes, pensos, sinapismos, e outros, impregnados ou recobertos de substâncias farmacêuticas ou acondicionados para venda a retalho para usos medicinais, cirúrgicos ou dentários
1301000;Luvas cirúrgicas e luvas de procedimento
1301100;Preservativo
1301200;Seringas, mesmo com agulhas
1301300;Agulhas para seringas
1301400;Contraceptivos (dispositivos intra-uterinos - DIU)
1400100;Filtros descartáveis para coar café ou chá
1400200;Bandejas, travessas, pratos, xícaras ou chávenas, taças, copos e artigos semelhantes, de papel ou cartão
1400300;Papel para cigarro
1500100;Lonas plásticas, exceto as para uso na construção
1500200;Artefatos de higiene/toucador de plástico, exceto os para uso na construção
1500300;Serviços de mesa e outros utensílios de mesa ou de cozinha, de plástico, inclusive os descartáveis
1600100;Pneus novos, dos tipos utilizados em automóveis de passageiros (incluídos os veículos de uso misto - camionetas e os automóveis de corrida)
1600200;Pneus novos, dos tipos utilizados em caminhões (inclusive para os fora-de-estrada), ônibus, aviões, máquinas de terraplenagem, de construção e conservação de estradas, máquinas e tratores agrícolas, pá-carregadeira
1600300;Pneus novos para motocicletas
1600400;Outros tipos de pneus novos, exceto para bicicletas
1600500;Pneus novos de borracha dos tipos utilizados em bicicletas
1600600;Pneus recauchutados
1600700;Protetores de borracha, exceto para bicicletas
1600701;Protetores de borracha para bicicletas
1600800;Câmaras de ar de borracha, exceto para bicicletas
1600900;Câmaras de ar de borracha dos tipos utilizados em bicicletas
1700100;Chocolate branco, em embalagens de conteúdo inferior ou igual a 1 kg
1700200;Chocolates contendo cacau, em embalagens de conteúdo inferior ou igual a 1 kg
1700300;Chocolate em barras, tabletes ou blocos ou no estado líquido, em pasta, em pó, grânulos ou formas semelhantes, em recipientes ou embalagens imediatas de conteúdo inferior ou igual a 2 kg
1700400;Chocolates e outras preparações alimentícias contendo cacau, em embalagens de conteúdo inferior ou igual a 1 kg, excluídos os achocolatados em pó
1700500;Achocolatados em pó, em embalagens de conteúdo inferior ou igual a 1 kg
1700600;Caixas de bombons contendo cacau, em embalagens de conteúdo inferior ou igual a 1 kg
1700700;Bombons, inclusive à base de chocolate branco sem cacau
1700800;Bombons, balas, caramelos, confeitos, pastilhas e outros produtos de confeitaria, contendo cacau
1700900;Bebidas prontas à base de mate ou chá
1701000;Refrescos e outras bebidas não alcoólicas, exceto os refrigerantes e as demais bebidas de que trata o Anexo IV
1701100;Bebidas prontas à base de café
1701200;"Sucos de frutas ou de produtos hortícolas; mistura de sucos"
1701300;Água de coco
1701400;Néctares de frutas e outras bebidas não alcoólicas prontas para beber, exceto isotônicos e energéticos
1701500;Bebidas alimentares prontas à base de soja, leite ou cacau, inclusive os produtos denominados bebidas lácteas
1701600;Refrescos e outras bebidas prontas para beber à base de chá e mate
1701700;Leite em pó, blocos ou grânulos, exceto creme de leite
1701800;Farinha láctea
1701900;Leite modificado para alimentação de crianças.
1702000;Preparações para alimentação infantil à base de farinhas, grumos, sêmolas ou amidos e outros
1702100;"Leite “longa vida” (UHT - “Ultra High Temperature”), em recipiente de conteúdo inferior ou igual a 2 litros"
1702101;"Leite “longa vida” (UHT - “Ultra High Temperature”), em recipiente de conteúdo superior a 2 litros"
1702200;Leite em recipiente de conteúdo inferior ou igual a 1 litro
1702201;Leite em recipiente de conteúdo superior a 1 litro
1702300;Leite do tipo pasteurizado em recipiente de conteúdo inferior ou igual a 1 litro
1702301;Leite do tipo pasteurizado em recipiente de conteúdo superior a 1 litro
1702400;Creme de leite, em recipiente de conteúdo inferior ou igual a 1 kg
1702401;Creme de leite, em recipiente de conteúdo superior a 1 kg
1702402;Outros cremes de leite, em recipiente de conteúdo inferior ou igual a 1kg
1702500;Leite condensado, em recipiente de conteúdo inferior ou igual a 1 kg
1702501;Leite condensado, em recipiente de conteúdo superior a 1 kg
1702600;Iogurte e leite fermentado em recipiente de conteúdo inferior ou igual a 2 litros
1702601;Iogurte e leite fermentado em recipiente de conteúdo superior a 2 litros
1702700;Coalhada
1702800;Requeijão e similares, em recipiente de conteúdo inferior ou igual a 1 kg, exceto as embalagens individuais de conteúdo inferior ou igual a 10 g
1702801;Requeijão e similares, em recipiente de conteúdo superior a 1 kg
1702900;Queijos
1703000;Manteiga, em embalagem de conteúdo inferior ou igual a 1 kg, exceto as embalagens individuais de conteúdo inferior ou igual a 10 g
1703001;Manteiga, em embalagem de conteúdo superior a 1 kg
1703100;Margarina em recipiente de conteúdo inferior ou igual a 500 g, exceto as embalagens individuais de conteúdo inferior ou igual a 10 g
1703200;Margarina, em recipiente de conteúdo superior a 500 g e inferior a 1 kg, creme vegetal em recipiente de conteúdo inferior a 1 kg, exceto as embalagens individuais de conteúdo inferior ou igual a 10 g
1703201;Margarina e creme vegetal, em recipiente de conteúdo de 1 kg.
1703202;Outras margarinas e cremes vegetais em recipiente de conteúdo inferior a 1 kg, exceto as embalagens individuais de conteúdo inferior ou igual a 10 g
1703300;Gorduras e óleos vegetais e respectivas frações, parcial ou totalmente hidrogenados, interesterificados, reesterificados ou elaidinizados, mesmo refinados, mas não preparados de outro modo, em recipiente de conteúdo inferior ou igual a 1 kg, exceto as embalagens individuais de conteúdo inferior ou igual a 10 g
1703301;Gorduras e óleos vegetais e respectivas frações, parcial ou totalmente hidrogenados, interesterificados, reesterificados ou elaidinizados, mesmo refinados, mas não preparados de outro modo, em recipiente de conteúdo superior a 1 kg, exceto as embalagens individuais de conteúdo inferior ou igual a 10 g
1703400;Doces de leite
1703500;Produtos à base de cereais, obtidos por expansão ou torrefação
1703600;Salgadinhos diversos
1703700;Batata frita, inhame e mandioca fritos
1703800;Amendoim e castanhas tipo aperitivo, em embalagem de conteúdo inferior ou igual a 1 kg
1703801;Amendoim e castanhas tipo aperitivo, em embalagem de conteúdo superior a 1 kg
1703900;Catchup em embalagens imediatas de conteúdo inferior ou igual a 650 g, exceto as embalagens contendo envelopes individualizados (sachês) de conteúdo inferior ou igual a 10 g
1704000;Condimentos e temperos compostos, incluindo molho de pimenta e outros molhos, em embalagens imediatas de conteúdo inferior ou igual a 1 kg, exceto as embalagens contendo envelopes individualizados (sachês) de conteúdo inferior ou igual a 3 g
1704100;Molhos de soja preparados em embalagens imediatas de conteúdo inferior ou igual a 650 g, exceto as embalagens contendo envelopes individualizados (saches) de conteúdo inferior ou igual a 10 g
1704200;Farinha de mostarda em embalagens de conteúdo inferior ou igual a 1 kg
1704300;Mostarda preparada em embalagens imediatas de conteúdo inferior ou igual a 650 g, exceto as embalagens contendo envelopes individualizados (sachês) de conteúdo inferior ou igual a 10 g
1704400;Maionese em embalagens imediatas de conteúdo inferior ou igual a 650 g, exceto as embalagens contendo envelopes individualizados (sachês) de conteúdo inferior ou igual a 10 g
1704500;Tomates preparados ou conservados, exceto em vinagre ou em ácido acético, em embalagens de conteúdo inferior ou igual a 1 kg
1704600;Molhos de tomate em embalagens imediatas de conteúdo inferior ou igual a 1 kg
1704700;Barra de cereais
1704800;Barra de cereais contendo cacau
1704900;Farinha de trigo, em embalagem inferior ou igual a 5 kg
1704901;Farinha de trigo, em embalagem superior a 5 kg
1705000;Mistura de farinha de trigo
1705100;Misturas e preparações para bolos
1705200;Massas alimentícias tipo instantânea
1705300;Massas alimentícias, cozidas ou recheadas (de carne ou de outras substâncias) ou preparadas de outro modo, exceto as massas alimentícias tipo instantânea
1705301;Cuscuz
1705400;Massas alimentícias não cozidas, nem recheadas, nem preparadas de outro modo:
1705500;Pães industrializados, inclusive de especiarias, exceto panetones e bolo de forma
1705600;Bolo de forma, inclusive de especiarias
1705700;Panetones
1705800;"Biscoitos e bolachas derivados de farinha de trigo; exceto dos tipos ""cream cracker"", ""água e sal"", ""maisena"", ""maria"" e outros de consumo popular, não adicionados de cacau, nem recheados, cobertos ou amanteigados, independentemente de sua denominação comercial"
1705900;"Biscoitos e bolachas não derivados de farinha de trigo; exceto dos tipos ""cream cracker"", ""água e sal"", ""maisena"" e ""maria"" e outros de consumo popular, não adicionados de cacau, nem recheados, cobertos ou amanteigados, independentemente de sua denominação comercial"
1706000;"Biscoitos e bolachas dos tipos ""cream cracker"", ""água e sal"", ""maisena"" e ""maria"" e outros de consumo popular, adicionados de edulcorantes e não adicionados de cacau, nem recheados, cobertos ou amanteigados, independentemente de sua denominação comercial"
1706100;"Biscoitos e bolachas dos tipos ""cream cracker"", ""água e sal"", ""maisena"" e ""maria"" e outros de consumo popular, não adicionados de cacau, nem recheados, cobertos ou amanteigados, independentemente de sua denominação comercial"
1706200;“Waffles” e “wafers” - sem cobertura
1706300;“Waffles” e “wafers”- com cobertura
1706400;Torradas, pão torrado e produtos semelhantes torrados
1706500;Outros pães de forma
1706600;Outras bolachas, exceto casquinhas para sorvete
1706700;"Outros pães e bolos industrializados e produtos de panificação não especificados anteriormente; exceto casquinhas para sorvete e pão francês de até 200 g"
1706800;Pão denominado knackebrot
1706900;Pão francês de até 200 g
1707000;Demais pães industrializados
1707100;Óleo de soja refinado, em recipientes com capacidade inferior ou igual a 5 litros, exceto as embalagens individuais de conteúdo inferior ou igual a 15 mililitros
1707200;Óleo de amendoim refinado, em recipientes com capacidade inferior ou igual a 5 litros, exceto as embalagens individuais de conteúdo inferior ou igual a 15 mililitros
1707300;Azeites de oliva, em recipientes com capacidade inferior ou igual a 2 litros, exceto as embalagens individuais de conteúdo inferior ou igual a 15 mililitros
1707301;Azeites de oliva, em recipientes com capacidade superior a 2 litros e inferior ou igual a 5 litros
1707302;Azeites de oliva, em recipientes com capacidade superior a 5 litros
1707400;Outros óleos e respectivas frações, obtidos exclusivamente a partir de azeitonas, mesmo refinados, mas não quimicamente modificados, e misturas desses óleos ou frações com óleos ou frações da posição 15.09, em recipientes com capacidade inferior ou igual a 5 litros, exceto as embalagens individuais de conteúdo inferior ou igual a 15 mililitros
1707500;Óleo de girassol ou de algodão refinado, em recipientes com capacidade inferior ou igual a 5 litros, exceto as embalagens individuais de conteúdo inferior ou igual a 15 mililitros
1707600;Óleo de canola, em recipientes com capacidade inferior ou igual a 5 litros, exceto as embalagens individuais de conteúdo inferior ou igual a 15 mililitros
1707700;Óleo de linhaça refinado, em recipientes com capacidade inferior ou igual a 5 litros, exceto as embalagens individuais de conteúdo inferior ou igual a 15 mililitros
1707800;Óleo de milho refinado, em recipientes com capacidade inferior ou igual a 5 litros, exceto as embalagens individuais de conteúdo inferior ou igual a 15 mililitros
1707900;Outros óleos refinados, em recipientes com capacidade inferior ou igual a 5 litros, exceto as embalagens individuais de conteúdo inferior ou igual a 15 mililitros
1708000;Misturas de óleos refinados, para consumo humano, em recipientes com capacidade inferior ou igual a 5 litros, exceto as embalagens individuais de conteúdo inferior ou igual a 15 mililitros
1708100;Outros óleos vegetais comestíveis não especificados anteriormente
1708200;"Enchidos (embutidos) e produtos semelhantes, de carne, miudezas ou sangue; exceto salsicha, linguiça e mortadela"
1708300;Salsicha e linguiça
1708400;Mortadela
1708500;Outras preparações e conservas de carne, miudezas ou de sangue
1708600;"Preparações  e  conservas  de  peixes;  caviar  e  seus  sucedâneos preparados a partir de ovas de peixe; exceto sardinha em conserva"
1708700;Sardinha em conserva
1708800;Crustáceos, moluscos e outros invertebrados aquáticos, preparados ou em conservas
1708900;Carne de gado bovino, ovino e bufalino e produtos comestíveis resultantes da matança desse gado submetidos à salga, secagem ou desidratação
1709000;Carnes de animais das espécies caprina, frescas, refrigeradas ou congeladas
1709100;Carnes e demais produtos comestíveis frescos, resfriados, congelados, salgados, em salmoura, simplesmente temperados, secos ou defumados, resultantes do abate de aves e de suínos
1709200;Produtos hortícolas, cozidos em água ou vapor, congelados, em embalagens de conteúdo inferior ou igual a 1 kg
1709201;Produtos hortícolas, cozidos em água ou vapor, congelados, em embalagens de conteúdo superior a 1 kg
1709300;Frutas, não cozidas ou cozidas em água ou vapor, congeladas, mesmo adicionadas de açúcar ou de outros edulcorantes, em embalagens de conteúdo inferior ou igual a 1 kg
1709301;Frutas, não cozidas ou cozidas em água ou vapor, congeladas, mesmo adicionadas de açúcar ou de outros edulcorantes, em embalagens de conteúdo superior a 1 kg
1709400;Produtos hortícolas, frutas e outras partes comestíveis de plantas, preparados ou conservados em vinagre ou em ácido acético, em embalagens de conteúdo inferior ou igual a 1 kg
1709401;Produtos hortícolas, frutas e outras partes comestíveis de plantas, preparados ou conservados em vinagre ou em ácido acético, em embalagens de conteúdo superior a 1 kg
1709500;Outros produtos hortícolas preparados ou conservados, exceto em vinagre ou em ácido acético, congelados, com exceção dos produtos da posição 20.06, em embalagens de conteúdo inferior ou igual a 1 kg
1709501;Outros produtos hortícolas preparados ou conservados, exceto em vinagre ou em ácido acético, congelados, com exceção dos produtos da posição 20.06, em embalagens de conteúdo superior a 1 kg
1709600;Outros produtos hortícolas preparados ou conservados, exceto em vinagre ou em ácido acético, não congelados, com exceção dos produtos da posição 20.06, excluídos batata, inhame e mandioca fritos, em embalagens de conteúdo inferior ou igual a 1 kg
1709601;Outros produtos hortícolas preparados ou conservados, exceto em vinagre ou em ácido acético, não congelados, com exceção dos produtos da posição 20.06, excluídos batata, inhame e mandioca fritos, em embalagens de conteúdo superior a 1 kg
1709700;Produtos hortícolas, frutas, cascas de frutas e outras partes de plantas, conservados com açúcar (passados por calda, glaceados ou cristalizados), em embalagens de conteúdo inferior ou igual a 1 kg
1709701;Produtos hortícolas, frutas, cascas de frutas e outras partes de plantas, conservados com açúcar (passados por calda, glaceados ou cristalizados), em embalagens de conteúdo superior a 1 kg
1709800;Doces, geléias, “marmelades”, purês e pastas de frutas, obtidos por cozimento, com ou sem adição de açúcar ou de outros edulcorantes, em embalagens de conteúdo inferior ou igual a 1 kg, exceto as embalagens individuais de conteúdo inferior ou igual a 10 g
1709801;Doces, geléias, “marmelades”, purês e pastas de frutas, obtidos por cozimento, com ou sem adição de açúcar ou de outros edulcorantes, em embalagens de conteúdo superior a 1 kg
1709900;Frutas  e  outras  partes  comestíveis  de  plantas,  preparadas  ou conservadas de outro modo, com ou sem adição de açúcar ou de outros edulcorantes ou de álcool, não especificadas nem compreendidas em outras posições, excluídos os amendoins e castanhas tipo aperitivo, da posição 2008.1, em embalagens de conteúdo inferior ou igual a 1 kg
1709901;Frutas e outras partes comestíveis de plantas, preparadas ou conservadas de outro modo, com ou sem adição de açúcar ou de outros edulcorantes ou de álcool, não especificadas nem compreendidas em outras posições, excluídos os amendoins e castanhas tipo aperitivo, da posição 2008.1, em embalagens superior a 1 kg
1710000;Café torrado e moído, em embalagens de conteúdo inferior ou igual a 2 kg
1710001;Café torrado e moído, em embalagens de conteúdo superior a 2 kg
1710100;Chá, mesmo aromatizado
1710200;Mate
1710300;Açúcar refinado, em embalagens de conteúdo inferior ou igual a 2 kg, exceto as embalagens contendo envelopes individualizados (sachês) de conteúdo inferior ou igual a 10 g
1710301;Açúcar refinado, em embalagens de conteúdo superior a 2 kg e inferior ou igual a 5 kg
1710302;Açúcar refinado, em embalagens de conteúdo superior a 5 kg
1710400;Açúcar refinado adicionado de aromatizante ou de corante em embalagens de conteúdo inferior ou igual a 2 kg, exceto as embalagens contendo envelopes individualizados (sachês) de conteúdo inferior ou igual a 10 g
1710401;Açúcar refinado adicionado de aromatizante ou de corante em embalagens de conteúdo superior a 2 kg e inferior ou igual a 5 kg
1710402;Açúcar refinado adicionado de aromatizante ou de corante em embalagens de conteúdo superior a 5 kg
1710500;Açúcar cristal, em embalagens de conteúdo inferior ou igual a 2 kg, exceto as embalagens contendo envelopes individualizados (sachês) de conteúdo inferior ou igual a 10 g
1710501;Açúcar cristal, em embalagens de conteúdo superior a 2 kg e inferior ou igual a 5 kg
1710502;Açúcar cristal, em embalagens de conteúdo superior a 5 kg
1710600;Açúcar cristal adicionado de aromatizante ou de corante, em embalagens de conteúdo inferior ou igual a 2 kg, exceto as embalagens contendo envelopes individualizados (sachês) de conteúdo inferior ou igual a 10 g
1710601;Açúcar  cristal  adicionado  de  aromatizante  ou  de  corante,  em embalagens de conteúdo superior a 2 kg e inferior ou igual a 5 kg
1710602;Açúcar  cristal  adicionado  de  aromatizante  ou  de  corante,  em embalagens de conteúdo superior a 5 kg
1710700;"Outros tipos de açúcar, em embalagens de conteúdo inferior ou igual a 2 kg, exceto as embalagens contendo envelopes individualizados (sachês) de conteúdo inferior ou igual a 10 g"
1710701;Outros tipos de açúcar, em embalagens de conteúdo superior a 2 kg e inferior ou igual a 5 kg
1710702;Outros tipos de açúcar, em embalagens de conteúdo superior a 5 kg
1710800;Outros tipos de açúcar adicionado de aromatizante ou de corante, em embalagens de conteúdo inferior ou igual a 2 kg, exceto as embalagens contendo envelopes individualizados (sachês) de conteúdo inferior ou igual a 10 g
1710801;Outros tipos de açúcar adicionado de aromatizante ou de corante, em embalagens de conteúdo superior a 2 kg e inferior ou igual a 5 kg
1710802;Outros tipos de açúcar adicionado de aromatizante ou de corante, em embalagens de conteúdo superior a 5 kg
1710900;Outros açúcares em embalagens de conteúdo inferior ou igual a 2 kg, exceto as embalagens contendo envelopes individualizados (sachês) de conteúdo inferior ou igual a 10 g
1710901;Outros açúcares, em embalagens de conteúdo superior a 2 kg e inferior ou igual a 5 kg
1710902;Outros açúcares, em embalagens de conteúdo superior a 5 kg
1711000;Milho para pipoca (micro-ondas)
1711100;Extratos, essências e concentrados de café e preparações à base destes extratos, essências ou concentrados ou à base de café, em embalagens de conteúdo inferior ou igual a 500 g, exceto as preparações indicadas no item 112.0
1711200;Extratos, essências e concentrados de chá ou de mate e preparações à base destes extratos, essências ou concentrados ou à base de chá ou de mate, em embalagens de conteúdo inferior ou igual a 500 g, exceto as bebidas prontas à base de mate ou chá
1711300;Preparações em pó para cappuccino e similares, em embalagens de conteúdo inferior ou igual a 500 g
1800100;Artigos para serviço de mesa ou de cozinha, de porcelana, inclusive os descartáveis – estojos
1800200;Artigos para serviço de mesa ou de cozinha, de porcelana, inclusive os descartáveis – avulsos
1800300;Artigos para serviço de mesa ou de cozinha, de cerâmica
1800400;Velas para filtros
1900100;Tinta guache
1900200;Espiral - perfil para encadernação, de plástico e outros materiais classificados nas posições 3901 a 3914
1900300;Artigos de escritório e artigos escolares de plástico e outros materiais classificados nas posições 3901 a 3914, exceto estojos
1900400;Maletas  e  pastas  para  documentos  e  de  estudante,  e  artefatos semelhantes
1900500;Prancheta de plástico
1900600;Bobina para fax
1900700;Papel seda
1900800;Bobina branca para máquina de calcular ou PDV
1900900;"Cartolina escolar e papel cartão, brancos e coloridos; recados auto adesivos (LP note); papéis de presente, todos cortados em tamanho pronto para uso escolar e doméstico"
1901000;"Papel fotográfico, exceto: (i) os papéis fotográficos emulsionados com haleto de prata tipo brilhante, matte ou lustre, em rolo e, com largura igual ou superior a 102 mm e comprimento inferior ou igual a 350 m,(ii) os papéis fotográficos emulsionados com haleto de prata tipo brilhante ou fosco, em folha e com largura igual ou superior a 152 mm e comprimento inferior ou igual a 307 mm, (iii) papel de qualidade fotográfica com tecnologia “Thermo-autochrome”, que submetido a um processo de aquecimento seja capaz de formar imagens por reação química e combinação das camadas cyan, magenta e amarela"
1901100;Papel almaço
1901200;Papel hectográfico
1901300;Papel celofane e tipo celofane
1901400;Papel impermeável
1901500;Papel crepon
1901600;Papel fantasia
1901700;Papel-carbono, papel autocopiativo (exceto os vendidos em rolos de diâmetro igual ou superior a 60 cm e os vendidos em folhas de formato igual ou superior a 60 cm de altura e igual ou superior a 90 cm de largura) e outros papéis para cópia ou duplicação (incluídos os papéis para estênceis ou para chapas ofsete), estênceis completos e chapas ofsete, de papel, em folhas, mesmo acondicionados em caixas
1901800;Envelopes, aerogramas, bilhetes-postais não ilustrados e cartões para correspondência, de papel ou cartão, caixas, sacos e semelhantes, de papel ou cartão, contendo um sortido de artigos para correspondência
1901900;Livros de registro e de contabilidade, blocos de notas,de encomendas, de recibos, de apontamentos, de papel para cartas, agendas e artigos semelhantes
1902000;Cadernos
1902100;Classificadores, capas para encadernação (exceto as capas para livros) e capas de processos
1902200;"Formulários em blocos tipo ""manifold"", mesmo com folhas intercaladas de papel-carbono"
1902300;Álbuns para amostras ou para coleções
1902400;Pastas para documentos, outros artigos escolares, de escritório ou de papelaria, de papel ou cartão e capas para livros, de papel ou cartão
1902500;"Cartões postais impressos ou ilustrados, cartões impressos com votos ou mensagens pessoais, mesmo ilustrados, com ou sem envelopes, guarnições ou aplicações (conhecidos como cartões de expressão social- de época/sentimento)"
1902600;Canetas esferográficas
1902700;Canetas e marcadores, com ponta de feltro ou com outras pontas porosas
1902800;Canetas tinteiro
1902900;"Outras canetas; sortidos de canetas"
1903000;"Papel cortado ""cutsize"" (tipo A3, A4, ofício I e II, carta e outros)"
2000100;Henna (embalagens de conteúdo inferior ou igual a 200 g)
2000101;Henna (embalagens de conteúdo superior a 200 g)
2000200;Vaselina
2000300;Amoníaco em solução aquosa (amônia)
2000400;Peróxido de hidrogênio, em embalagens de conteúdo inferior ou igual a 500 ml
2000500;Lubrificação íntima
2000600;"Óleos essenciais (desterpenados ou não), incluídos os chamados ""concretos"" ou ""absolutos""; resinóides; oleorresinas de extração; soluções concentradas de óleos essenciais em gorduras, em óleos fixos, em ceras ou em matérias análogas, obtidas portratamento de flores através de substâncias gordas ou por maceração; subprodutos terpênicos residuais da desterpenação dos óleos essenciais; águas destiladas aromáticas e soluções aquosas de óleos essenciais, em embalagens de conteúdo inferior ou igual a 500 ml"
2000700;Perfumes (extratos)
2000800;Águas-de-colônia
2000900;Produtos de maquilagem para os lábios
2001000;Sombra, delineador, lápis para sobrancelhas e rímel
2001100;Outros produtos de maquilagem para os olhos
2001200;Preparações para manicuros e pedicuros, incluindo removedores de esmalte à base de acetona
2001300;Pós, incluídos os compactos, para maquilagem
2001400;Cremes de beleza, cremes nutritivos e loções tônicas
2001500;Outros produtos de beleza ou de maquilagem preparados e preparações para conservação ou cuidados da pele, exceto as preparações solares e antisolares.
2001600;Preparações solares e antisolares
2001700;Xampus para o cabelo
2001800;Preparações para ondulação ou alisamento, permanentes, dos cabelos
2001900;Laquês para o cabelo
2002000;Outras preparações capilares, incluindo máscaras e finalizadores
2002100;Condicionadores
2002200;Tintura para o cabelo
2002300;Dentifrícios
2002400;Fios utilizados para limpar os espaços interdentais (fios dentais)
2002500;Outras preparações para higiene bucal ou dentária
2002600;Preparações para barbear (antes, durante ou após)
2002700;Desodorantes (desodorizantes) corporais líquidos
2002800;Antiperspirantes líquidos
2002900;Outros desodorantes (desodorizantes) corporais
2003000;Outros antiperspirantes
2003100;Sais perfumados e outras preparações para banhos
2003200;Outros produtos de perfumaria ou de toucador preparados
2003300;Soluções para lentes de contato ou para olhos artificiais
2003400;Sabões de toucador em barras, pedaços ou figuras moldados
2003500;Outros sabões, produtos e preparações, em barras, pedaços ou figuras moldados, inclusive lenços umedecidos
2003600;Sabões de toucador sob outras formas
2003700;Produtos e preparações orgânicos tensoativos para lavagem da pele, na forma de líquido ou de creme, acondicionados para venda a retalho, mesmo contendo sabão
2003800;Bolsa para gelo ou para água quente
2003900;Chupetas e bicos para mamadeiras e para chupetas, de borracha
2003901;Chupetas e bicos para mamadeiras e para chupetas, de silicone
2004000;Malas e maletas de toucador
2004100;Papel higiênico - folha simples
2004200;Papel higiênico - folha dupla e tripla
2004300;Lenços (incluídos os de maquilagem) e toalhas de mão
2004400;Papel toalha de uso institucional do tipo comercializado em rolos igual ou superior a 80 metros e do tipo comercializado em folhas intercaladas
2004500;Toalhas e guardanapos de mesa
2004600;Toalhas de cozinha (papel toalha de uso doméstico)
2004700;Fraldas
2004800;Tampões higiênicos
2004900;Absorventes higiênicos externos
2005000;Hastes flexíveis (uso não medicinal)
2005100;Sutiã descartável, assemelhados e papel para depilação
2005200;Pinças para sobrancelhas
2005300;Espátulas (artigos de cutelaria)
2005400;Utensílios e sortidos de utensílios de manicuros ou de pedicuros (incluídas as limas para unhas)
2005500;Termômetros, inclusive o digital
2005600;Escovas e pincéis de barba, escovas para cabelos, para cílios ou para unhas e outras escovas de toucador de pessoas, incluídas as que sejam partes de aparelhos, exceto escovas de dentes
2005700;Escovas de dentes, incluídas as escovas para dentaduras
2005800;Pincéis para aplicação de produtos cosméticos
2005900;Sortidos de viagem, para toucador de pessoas para costura ou para limpeza de calçado ou de roupas
2006000;"Pentes, travessas para cabelo e artigos semelhantes; grampos (alfinetes) para cabelo; pinças (pinceguiches), onduladores, bobes (rolos) e artefatos semelhantes para penteados, e suas partes, exceto os classificados na posição 8516 e suas partes"
2006100;Borlas ou esponjas para pós ou para aplicação de outros cosméticos ou de produtos de toucador
2006200;Mamadeiras
2006300;Aparelhos e lâminas de barbear
2100100;Fogões de cozinha de uso doméstico e suas partes
2100200;"Combinações de refrigeradores e congeladores (""freezers""), munidos de portas exteriores separadas"
2100300;Refrigeradores do tipo doméstico, de compressão
2100400;Outros refrigeradores do tipo doméstico
2100500;"Congeladores (""freezers"") horizontais tipo arca, de capacidade não superior a 800 litros"
2100600;"Congeladores (""freezers"") verticais tipo armário, de capacidade não superior a 900 litros"
2100700;Outros móveis (arcas, armários, vitrines, balcões e móveis semelhantes) para a conservação e exposição de produtos, que incorporem um equipamento para a produção de frio
2100800;Mini adega e similares
2100900;Máquinas para produção de gelo
2101000;Partes dos refrigeradores, congeladores, mini adegas e similares, máquinas para produção de gelo e bebedouros descritos nos itens 2.0, 3.0, 4.0, 5.0, 6.0, 7.0, 8.0, 9.0 e 13.0.
2101100;Secadoras de roupa de uso doméstico
2101200;Outras secadoras de roupas e centrífugas de uso doméstico
2101300;Bebedouros refrigerados para água
2101400;Partes das secadoras de roupas e centrífugas de uso doméstico e dos aparelhos para filtrar ou depurar água, descritos nos itens 11.0 e 12.0
2101500;Máquinas de lavar louça do tipo doméstico e suas partes
2101600;Máquinas que executem pelo menos duas das seguintes funções: impressão, cópia ou transmissão de telecópia (fax), capazes de ser conectadas a uma máquina
2101700;Outras impressoras, máquinas copiadoras e telecopiadores (fax), mesmo combinados entre si, capazes de ser conectados a uma máquina automática para processamento de dados ou a uma rede
2101800;"Partes e acessórios de máquinas e aparelhos de impressão por meio de blocos, cilindros e outros elementos de impressão da posição 8442; e de outras impressoras, máquinas copiadoras e telecopiadores (fax), mesmo combinados entre si"
2101900;Máquinas de lavar roupa, mesmo com dispositivos de secagem, de uso doméstico, de capacidade não superior a 10 kg, em peso de roupa seca, inteiramente automáticas
2102000;Outras máquinas de lavar roupa, mesmo com dispositivos de secagem, de uso doméstico, com secador centrífugo incorporado
2102100;Outras máquinas de lavar roupa, mesmo com dispositivos de secagem, de uso doméstico
2102200;Máquinas de lavar roupa, mesmo com dispositivos de secagem, de uso doméstico, de capacidade superior a 10 kg, em peso de roupa seca
2102300;Partes de máquinas de lavar roupa, mesmo com dispositivos de secagem, de uso doméstico
2102400;Máquinas de secar de uso doméstico de capacidade não superior a 10 kg, em peso de roupa seca
2102500;Outras máquinas de secar de uso doméstico
2102600;Partes de máquinas de secar de uso doméstico
2102700;Máquinas de costura de uso doméstico
2102800;Máquinas automáticas para processamento de dados, portáteis, de peso não superior a 10 kg, contendo pelo menos uma unidade central de processamento, um teclado e uma tela
2102900;Outras máquinas automáticas para processamento de dados
2103000;"Unidades de processamento, de pequena capacidade, exceto as das subposições 8471.41 ou 8471.49, podendo conter, no mesmo corpo, um ou dois dos seguintes tipos de unidades: unidade de memória, unidade de entrada e unidade de saída;baseadas em microprocessadores, com capacidade de instalação, dentro do mesmo gabinete, de unidades de memória da subposição 8471.70, podendo conter múltiplos conectores de expansão (""slots""), e valor FOB inferior ou igual a US$ 12.500,00, por unidade"
2103100;Unidades de entrada, exceto as classificadas na posição 8471.60.54
2103200;Outras unidades de entrada ou de saída, podendo conter, no mesmo corpo, unidades de memória
2103300;Unidades de memória
2103400;"Outras máquinas automáticas para processamento de dados e suas unidades; leitores magnéticos ou ópticos, máquinas para registrar dados em suporte sob forma codificada, e máquinas para processamento desses dados, não especificadas nem compreendidas em outras posições"
2103500;Partes e acessórios das máquinas da posição 84.71
2103600;Outros  transformadores,  exceto  os  classificados  nas  posições 8504.33.00 e 8504.34.00
2103700;Carregadores de acumuladores
2103800;"Equipamentos de alimentação ininterrupta de energia (UPS ou ""no break"")"
2103900;Outros acumuladores
2104000;Aspiradores
2104100;Aparelhos eletromecânicos de motor elétrico incorporado, de uso doméstico e suas partes
2104200;Enceradeiras
2104300;Chaleiras elétricas
2104400;Ferros elétricos de passar
2104500;Fornos de microondas
2104600;"Outros fornos; fogareiros (incluídas as chapas de cocção), grelhas e assadeiras, exceto os portáteis"
2104700;"Outros fornos; fogareiros (incluídas as chapas de cocção), grelhas e assadeiras, portáteis"
2104800;Outros aparelhos eletrotérmicos de uso doméstico – Cafeteiras
2104900;Outros aparelhos eletrotérmicos de uso doméstico - Torradeiras
2105000;Outros aparelhos eletrotérmicos de uso doméstico
2105100;"Partes das chaleiras, ferros, fornos e outros aparelhos eletrotérmicos da posição 85.16, descritos nos itens 43.0, 44.0, 45.0, 46.0, 47.0, 48.0, 49.0 e 50.0"
2105200;Aparelhos telefônicos por fio com unidade auscultador- microfone sem fio
2105300;Telefones para redes celulares e para outras redes sem fio, exceto os de uso automotivo
2105400;Outros aparelhos telefônicos
2105500;Aparelhos para transmissão ou recepção de voz, imagem ou outros dados em rede com fio, exceto os classificados nas posições 8517.62.51, 8517.62.52 e 8517.62.53
2105600;"Microfones e seus suportes; altofalantes, mesmo montados nos seus receptáculos, fones de ouvido (auscultadores), mesmo combinados com microfone e conj untos ou sortidos constituídos por um microfone e um ou mais alto-falantes, amplificadores elétricos de audiofreqüência, aparelhos elétricos de amplificação de som; suas partes e acessórios; exceto os de uso automotivo"
2105700;"Aparelhos de radiodifusão suscetíveis de funcionarem sem fonte externa de energia. Aparelhos de gravação de som; aparelhos de reprodução de som; aparelhos de gravação e de reprodução de som; partes e acessórios; exceto os de uso automotivo"
2105800;"Outros aparelhos de gravação de som; aparelhos de reprodução de som; aparelhos de gravação e de reprodução de som; partes e acessórios; exceto os de uso automotivo"
2105900;Gravador-reprodutor e editor de imagem e som, em discos, por meio magnético, óptico ou optomagnético, exceto de uso automotivo
2106000;Outros aparelhos videofônicos de gravação ou reprodução, mesmo incorporando um receptor de sinais videofônicos, exceto os de uso automotivo
2106100;"Cartões de memória (""memory cards"")"
2106200;"Cartões inteligentes (""smart cards"")"
2106300;Câmeras fotográficas digitais e câmeras de vídeo e suas partes
2106400;Outros aparelhos receptores para radiodifusão, mesmo combinados num invólucro, com um aparelho de gravação ou de reprodução de som, ou com um relógio, inclusive caixa acústica para Home Theaters classificados na posição 8518
2106500;Monitores e projetores que não incorporem aparelhos receptores de televisão, policromáticos
2106600;Outros monitores dos tipos utilizados exclusiva ou principalmente com uma máquina automática para processamento de dados da posição 84.71, policromáticos
2106700;Aparelhos receptores de televisão, mesmo que incorporem um aparelho receptor de radiodifusão ou um aparelho de gravação ou reprodução de som ou de imagens - Televisores de CRT (tubo de raios catódicos).
2106800;Aparelhos receptores de televisão, mesmo que incorporem um aparelho receptor de radiodifusão ou um aparelho de gravação ou reprodução de som ou de imagens - Televisores de LCD (Display de Cristal Líquido)
2106900;Aparelhos receptores de televisão, mesmo que incorporem um aparelho receptor de radiodifusão ou um aparelho de gravação ou reprodução de som ou de imagens - Televisores de Plasma
2107000;Outros aparelhos receptores de televisão não dotados de monitores ou display de vídeo
2107100;Outros aparelhos receptores de televisão não relacionados em outros itens deste anexo
2107200;Câmeras fotográficas dos tipos utilizadas para preparação de clichês ou cilindros de impressão
2107300;Câmeras fotográficas para filmes de revelação e copiagem instantâneas
2107400;Aparelhos de diatermia
2107500;Aparelhos de massagem
2107600;Reguladores de voltagem eletrônicos
2107700;Consoles e máquinas de jogos de vídeo, exceto os classificados na subposição 9504.30
2107800;Multiplexadores e concentradores
2107900;Centrais automáticas privadas, de capacidade inferior ou igual a 25 ramais
2108000;Outros aparelhos para comutação
2108100;Roteadores digitais, em redes com ou sem fio
2108200;"Aparelhos emissores com receptor incorporado de sistema troncalizado (""trunking""), de tecnologia celular"
2108300;Outros aparelhos de recepção, conversão e transmissão ou regeneração de voz, imagens ou outros dados, incluindo os aparelhos de comutação e roteamento
2108400;Antenas  próprias  para  telefones  celulares  portáteis,  exceto  as telescópicas
2108500;Aparelhos ou máquinas de barbear, máquinas de cortar o cabelo ou de tosquiar e aparelhos de depilar, e suas partes
2108600;Ventiladores, exceto os de uso agrícola
2108700;Ventiladores de uso agrícola
2108800;Coifas com dimensão horizontal máxima não superior a 120 cm
2108900;Partes de ventiladores ou coifas aspirantes
2109000;Máquinas e aparelhos de ar condicionado contendo um ventilador motorizado e dispositivos próprios para modificar a temperatura e a umidade, incluídos as máquinas e aparelhos em que a umidade não seja regulável separadamente e suas partes e peças
2109100;Aparelhos  de  ar-condicionado  tipo  Split  System  (sistema  com elementos separados) com unidade externa e interna
2109200;"Aparelhos de ar-condicionado com capacidade inferior ou igual a 30.000 frigorias/hora"
2109300;Aparelhos de ar-condicionado com capacidade acima de 30.000 frigorias/hora
2109400;Unidades evaporadoras (internas) de aparelho de ar-condicionado do tipo Split System (sistema com elementos separados), com capacidade inferior ou igual a 30.000 frigorias/hora
2109500;Unidades condensadoras (externas) de aparelho de ar-condicionado do tipo Split System (sistema com elementos separados), com capacidade inferior ou igual a 30.000 frigorias/hora
2109600;Aparelhos elétricos para filtrar ou depurar água (purificadores de água refrigerados)
2109700;Lavadora de alta pressão e suas partes
2109800;Furadeiras elétricas
2109900;Aparelhos elétricos para aquecimento de ambientes
2110000;Secadores de cabelo
2110100;Outros aparelhos para arranjos do cabelo
2110200;"Microfones e seus suportes; alto-falantes, mesmo montados nos seus receptáculos, fones de ouvido (auscultadores), mesmo combinados com microfone e conjuntos ou sortidos constituídos por um microfone e um ou mais alto-falantes, amplificadores elétricos de audiofreqüência, aparelhos elétricos de amplificação de som; suas partes e acessórios; exceto os de uso automotivo"
2110300;Aparelhos receptores para radiodifusão, mesmo combinados num mesmo invólucro, com um aparelho de gravação ou de reprodução de som, ou com um relógio, exceto os classificados na posição 8527.2 que sejam de uso automotivo
2110400;Outros aparelhos videofônicos de gravação ou de reprodução, mesmo incorporando um receptor de sinais videofônicos
2110500;Climatizadores de ar
2110600;Outras partes para máquinas e aparelhos de arcondicionado que contenham um ventilador motorizado e dispositivos próprios para modificar a temperatura e a umidade, incluindo as máquinas e aparelhos em que a umidade não seja regulável separadamente
2110700;Câmeras de televisão e suas partes
2110800;Balanças de uso doméstico
2110900;Tubos e válvulas, eletrônicos, de cátodo quente, cátodo frio ou fotocátodo (por exemplo, tubos e válvulas, de vácuo, de vapor ou de gás, ampolas retificadoras de vapor de mercúrio, tubos catódicos, tubos e válvulas para câmeras de televisão)
2111000;"Aparelhos elétricos para telefonia; outros aparelhos para transmissão ou recepção de voz, imagens ou outros dados, incluídos os aparelhos para comunicação em redes por fio ou redes sem fio (tal como uma rede local (LAN) ou uma rede de área estendida (WAN)), incluídas suas partes, exceto os de uso automotivo e os classificados nas posições 8517.62.51, 8517.62.52 e 8517.62.53"
2111100;"Interfones, seus acessórios, tomadas e ""plugs"""
2111200;"Partes reconhecíveis como exclusiva ou principalmente destinadas aos aparelhos das posições 8525 a 8528; exceto as de uso automotivo"
2111300;"Aparelhos elétricos de sinalização acústica ou visual (por exemplo, campainhas, sirenes, quadros indicadores, aparelhos de alarme para proteção contra roubo ou incêndio); exceto os de uso automotivo e os classificados nas posições 8531.10 e 8531.80.00."
2111400;Aparelhos elétricos de alarme, para proteção contra roubo ou incêndio e aparelhos semelhantes, exceto os de uso automotivo
2111500;Outros aparelhos de sinalização acústica ou visual, exceto os de uso automotivo
2111600;Circuitos impressos, exceto os de uso automotivo
2111700;"Diodos emissores de luz (LED), exceto diodos ""laser"""
2111800;Eletrificadores de cercas eletrônicos
2111900;"Aparelhos e instrumentos para medida ou controle da tensão, intensidade, resistência ou da potência, sem dispositivo registrador; exceto os de uso automotivo"
2112000;Analisadores lógicos de circuitos digitais, de espectro de frequência, frequencímetros, fasímetros, e outros instrumentos e aparelhos de controle de grandezas elétricas e detecção
2112100;Interruptores horários e outros aparelhos que permitam acionar um mecanismo em tempo determinado, munidos de maquinismo de aparelhos de relojoaria ou de motor síncrono
2112200;"Aparelhos de iluminação (incluídos os projetores) e suas partes, não especificados nem compreendidos em outras posições; anúncios, cartazes ou tabuletas e placas indicadoras luminosos, e artigos semelhantes, contendo uma fonte luminosa fixa permanente, e suas partes não especificadas nem compreendidas em outras posições"
2200100;Ração tipo “pet” para animais domésticos
2300100;Sorvetes de qualquer espécie
2300200;Preparados para fabricação de sorvete em máquina
2400100;Tintas, vernizes
2400200;Xadrez e pós assemelhados, exceto pigmentos à base de dióxido de titânio classificados na posição 3206.11.19
2500100;Veículos automóveis para transporte de 10 pessoas ou mais, incluindo o motorista, com motor de pistão, de ignição por compressão (diesel ou semidiesel), com volume interno de habitáculo, destinado a passageiros e motorista, superior a 6 m³, mas inferior a 9 m³
2500200;Outros veículos automóveis para transporte de 10 pessoas ou mais, incluindo o motorista, com volume interno de habitáculo, destinado a passageiros e motorista, superior a 6 m³, mas inferior a 9 m
2500300;Automóveis com motor explosão, de cilindrada não superior a 1000 cm³
2500400;Automóveis com motor explosão, de cilindrada superior a 1000 cm³, mas não superior a 1500 cm³, com capacidade de transporte de pessoas sentadas inferior ou igual a 6, incluído o condutor, exceto carro celular
2500500;Outros automóveis com motor explosão, de cilindrada superior a 1000 cm³, mas não superior a 1500 cm³, exceto carro celular
2500600;Automóveis com motor explosão, de cilindrada superior a 1500 cm³, mas não superior a 3000 cm³, com capacidade de transporte de pessoas sentadas inferior ou igual a 6, incluído o condutor, exceto carro celular, carro funerário e automóveis de corrida
2500700;Outros automóveis com motor explosão, de cilindrada superior a 1500 cm³, mas não superior a 3000 cm³, exceto carro celular, carro funerário e automóveis de corrida
2500800;Automóveis com motor explosão, de cilindrada superior a 3000 cm³, com capacidade de transporte de pessoas sentadas inferior ou igual a 6, incluído o condutor, exceto carro celular, carro funerário e automóveis de corrida
2500900;Outros automóveis com motor explosão, de cilindrada superior a 3000 cm³, exceto carro celular, carro funerário e automóveis de corrida
2501000;Automóveis com motor diesel ou semidiesel, de cilindrada superior a 1500 cm³, mas não superior a 2500 cm³, com capacidade de transporte de pessoas sentadas inferior ou igual a 6, incluído o condutor, exceto ambulância, carro celular e carro funerário
2501100;Outros automóveis com motor diesel ou semidiesel, de cilindrada superior a 1500 cm³, mas não superior a 2500 cm³, exceto ambulância, carro celular e carro funerário
2501200;Automóveis com motor diesel ou semidiesel, de cilindrada superior a 2500 cm³, com capacidade de transporte de pessoas sentadas inferior ou igual a 6, incluído o condutor, exceto carro celular e carro funerário
2501300;Outros automóveis com motor diesel ou semidiesel, de cilindrada superior a 2500 cm³, exceto carro celular e carro funerário
2501400;Veículos automóveis para transporte de mercadorias, de peso em carga máxima não superior a 5 toneladas, chassis com motor diesel ou semidiesel e cabina, exceto caminhão de peso em carga máxima superior a 3,9 toneladas
2501500;Veículos automóveis para transporte de mercadorias, de peso em carga máxima não superior a 5 toneladas, com motor diesel ou semidiesel, com caixa basculante, exceto caminhão de peso em carga máxima superior a 3,9 toneladas
2501600;Veículos automóveis para transporte de mercadorias, de peso em carga máxima não superior a 5 toneladas, frigoríficos ou isotérmicos, com motor diesel ou semidiesel, exceto caminhão de peso em carga máxima superior a 3,9 toneladas
2501700;Outros veículos automóveis para transporte de mercadorias, de peso em carga máxima não superior a 5 toneladas, com motor diesel ou semidiesel, exceto carro-forte para transporte de valores e caminhão de peso em carga máxima superior a 3,9 toneladas
2501800;Veículos automóveis para transporte de mercadorias, de peso em carga máxima não superior a 5 toneladas, com motor a explosão, chassis e cabina, exceto caminhão de peso em carga máxima superior a 3,9 toneladas
2501900;Veículos automóveis para transporte de mercadorias, de peso em carga máxima não superior a 5, exceto caminhão de peso em carga toneladas, com motor explosão, caixa basculante máxima superior a 3,9 toneladas
2502000;Veículos automóveis para transporte de mercadorias, de peso em carga máxima não superior a 5 toneladas, frigoríficos ou isotérmicos com motor explosão, exceto caminhão de peso em carga máxima superior a 3,9 toneladas
2502100;Outros veículos automóveis para transporte de mercadorias, de peso em carga máxima não superior a 5 toneladas, com motor a explosão, exceto carro-forte para transporte de valores e caminhão de peso em carga máxima superior a 3,9 toneladas
2600100;"Motocicletas (incluídos os ciclomotores) e outros ciclos equipados com motor auxiliar, mesmo com carro lateral; carros laterais"
2700100;Espelhos de vidro, mesmo emoldurados, exceto os de uso automotivo
2700200;Objetos de vidro para serviço de mesa ou de cozinha
2700300;Outros copos, exceto de vitrocerâmica
2700400;Objetos para serviço de mesa (exceto copos) ou de cozinha, exceto de vitrocerâmica
2800100;Perfumes (extratos)
2800200;Águas-de-colônia
2800300;Produtos de maquiagem para os lábios
2800400;Sombra, delineador, lápis para sobrancelhas e rímel
2800500;Outros produtos de maquiagem para os olhos
2800600;Preparações para manicuros e pedicuros
2800700;Pós para maquiagem, incluindo os compactos
2800800;Cremes de beleza, cremes nutritivos e loções tônicas
2800900;Outros produtos de beleza ou de maquiagem preparados e preparações para conservação ou cuidados da pele, exceto as preparações antisolares e os bronzeadores
2801000;Preparações antisolares e os bronzeadores
2801100;Xampus para o cabelo
2801200;Preparações para ondulação ou alisamento, permanentes, dos cabelos
2801300;Outras preparações capilares
2801400;Tintura para o cabelo
2801500;Preparações para barbear (antes, durante ou após)
2801600;Desodorantes corporais e antiperspirantes, líquidos
2801700;Outros desodorantes corporais e antiperspirantes
2801800;Outros produtos de perfumaria ou de toucador preparados
2801900;Outras preparações cosméticas
2802000;Sabões de toucador, em barras, pedaços ou figuras moldadas
2802100;Outros sabões, produtos e preparações orgânicos tensoativos, inclusive papel, pastas (ouates), feltros e falsos tecidos, impregnados, revestidos ou recobertos de sabão ou de detergentes
2802200;Sabões de toucador sob outras formas
2802300;Produtos e preparações orgânicos tensoativos para lavagem da pele, em forma de líquido ou de creme, acondicionados para venda a retalho, mesmo contendo sabão
2802400;Lenços de papel, incluindo os de desmaquiar
2802500;Apontadores de lápis para maquiagem
2802600;Utensílios e sortidos de utensílios de manicuros ou de pedicuros (incluindo as limas para unhas)
2802700;Escovas e pincéis de barba, escovas para cabelos, para cílios ou para unhas e outras escovas de toucador de pessoas
2802800;Pincéis para aplicação de produtos cosméticos
2802900;Vaporizadores de toucador, suas armações e cabeças de armações
2803000;Borlas ou esponjas para pós ou para aplicação de outros cosméticos ou de produtos de toucador
2803100;Malas e maletas de toucador
2803200;"Pentes, travessas para cabelo e artigos semelhantes; grampos (alfinetes) para cabelo; pinças (“pinceguiches”), onduladores, bobs (rolos) e artefatos semelhantes para penteados, e suas partes"
2803300;Mamadeiras
2803400;Chupetas e bicos para mamadeiras e para chupetas
2803500;Outros produtos cosméticos e de higiene pessoal não relacionados em outros itens deste anexo
2803600;Outros artigos destinados a cuidados pessoais não relacionados em outros itens deste anexo
2803700;Acessórios (por exemplo, bijuterias, relógios, óculos de sol, bolsas, mochilas, frasqueiras, carteiras, porta-cartões, porta-documentos, porta-celulares e embalagens presenteáveis (por exemplo, caixinhas de papel), entre outros itens assemelhados)
2803800;"Vestuário e seus acessórios; calçados, polainas e artefatos semelhantes, e suas partes"
2803900;Outros artigos de vestuário em geral, exceto os relacionados no item anterior
2804000;Artigos de casa
2804100;Produtos das indústrias alimentares e bebidas
2804200;Produtos destinados à higiene bucal
2804300;Produtos de limpeza e conservação doméstica
2804400;Outros produtos comercializados pelo sistema de marketing direto porta-a-porta a consumidor final não relacionados em outros itens deste anexo